{"21": "0", "22": "1", "23": "2", "24": "3", "25": "4", "26": "5", "27": "6", "28": "7", "29": "8", "30": "9", "31": "a", "32": "b", "33": "c", "34": "d", "35": "e", "36": "f", "37": "g", "38": "h", "39": "i", "40": "j", "41": "k", "42": "l", "43": "m", "44": "n", "45": "o", "46": "p", "47": "q", "48": "r", "49": "s", "50": "t", "51": "u", "52": "v", "53": "w", "54": "x", "55": "y", "56": "z", "57": "A", "58": "B", "59": "C", "60": "D", "61": "E", "62": "F", "63": "G", "64": "H", "65": "I", "66": "J", "67": "K", "68": "L", "69": "M", "70": "N", "71": "O", "72": "P", "73": "Q", "74": "R", "75": "S", "76": "T", "77": "U", "78": "V", "79": "W", "80": "X", "81": "Y", "82": "Z", "83": "!", "84": "#", "85": "$", "86": "%", "87": "&", "88": "(", "89": ")", "90": "*", "91": "+", "92": ",", "93": "-", "94": ".", "95": "/", "96": ":", "97": ";", "98": "<", "99": "=", "100": ">", "101": "?", "102": "@", "103": "[", "104": "]", "105": "^", "106": "_", "107": "`", "108": "{"}